id,lon,lat,name,address,pname,cityname,business_area,type
B023B0AAU9,120.127114,30.266162,三维网球俱乐部,玉古路165号(黄龙体育中心地铁站D口步行240米),浙江省,杭州市,黄龙,体育休闲服务;运动场馆;运动场所
B023B0BGND,120.163085,30.311932,乐动力城北体育公园·三锐网球中心,白石路125号杭州城北体育公园,浙江省,杭州市,东新,体育休闲服务;运动场馆;网球场
B023B17WLG,120.136147,30.185686,江南体育中心六和公园网球场,六和路368号,浙江省,杭州市,浦沿,体育休闲服务;运动场馆;网球场
B023B18LLI,120.157831,30.322231,浙大城市学院南校区网球场,湖州街51号浙大城市学院南校区(沈半路口),浙江省,杭州市,上塘,体育休闲服务;运动场馆;网球场
B023B1EEYD,120.127081,30.266675,浙江大学玉泉校区网球中心,浙大路38号浙江大学玉泉校区,浙江省,杭州市,西湖,体育休闲服务;运动场馆;网球场
B0FFF2JVC7,120.222713,30.256156,乐动力上城体育中心网球馆,钱潮路12号,浙江省,杭州市,新城片区,体育休闲服务;运动场馆;网球场|体育休闲服务;运动场馆;健身中心
B0FFFCMNZI,120.051387,30.277566,杭州西溪宾馆健身中心网球场,文二西路803号杭州西溪宾馆,浙江省,杭州市,西溪,体育休闲服务;运动场馆;网球场
B0FFFDX19G,120.129649,30.249929,金溪山庄网球场,杨公堤39号杭州金溪山庄1层,浙江省,杭州市,西湖,体育休闲服务;运动场馆;网球场
B0FFFEFYT2,120.383942,30.307535,浙江工商大学下沙校区网球场,学正街浙江工商大学,浙江省,杭州市,[],体育休闲服务;运动场馆;网球场
B0FFFLJBWX,120.380688,30.321470,浙江金融职业学院网球场,文海南路与德胜东路交叉口东南160米,浙江省,杭州市,[],体育休闲服务;运动场馆;网球场
B0FFFZYBL3,120.083607,30.303657,浙江大学(紫金港校区)网球场,余杭塘路866号浙江大学(紫金港校区),浙江省,杭州市,[],体育休闲服务;运动场馆;网球场
B0FFFZYCMC,120.154850,30.320883,浙大城市学院南校区网球场(舟山东路),湖州街51号浙大城市学院南校区,浙江省,杭州市,上塘,体育休闲服务;运动场馆;网球场
B0FFG8VL85,120.066869,30.135081,凤凰创意国际网球场,转塘镇创意路1号,浙江省,杭州市,[],体育休闲服务;运动场馆;网球场
B0FFG977BJ,119.042060,29.626123,秀水度假酒店网球场,千岛湖镇阳光路阳光水岸5号楼,浙江省,杭州市,主城区沿湖及排岭半岛区块-千岛湖国家级旅游度假区,体育休闲服务;运动场馆;网球场
B0FFH01E78,120.357298,30.311606,浙江理工大学下沙校区网球场,2号大街928号浙江理工大学(下沙校区),浙江省,杭州市,下沙,体育休闲服务;运动场馆;网球场
B0FFH26N0E,120.339729,30.312506,杭州电子科技大学下沙校区网球场,下沙街道学林街280-300号杭州电子科技大学,浙江省,杭州市,白杨,体育休闲服务;运动场馆;网球场
B0FFH2O8Q0,120.378451,30.319009,中国计量大学东校区网球场,学源街与文海南路交叉口西80米,浙江省,杭州市,[],体育休闲服务;运动场馆;网球场
B0FFHD92UU,120.108850,30.295004,T点(T-line)网球俱乐部(城西银泰店),余杭塘路478号海蓝创智天地内量子方二楼户外平台,浙江省,杭州市,文新,体育休闲服务;运动场馆;网球场
B0FFHO4OZH,120.075649,30.152373,中国美术学院象山校区网球场,转塘街道象山村352号中国美术学院象山校区,浙江省,杭州市,[],体育休闲服务;运动场馆;网球场
B0FFIA31AI,120.129854,30.267019,黄龙网球俱乐部,黄龙体育中心内(黄龙体育中心地铁站F口步行140米),浙江省,杭州市,西湖,体育休闲服务;运动场馆;网球场
B0FFIPTX3T,119.320773,29.506449,江和城风雨网球场,荷映路与太和路交叉口西160米,浙江省,杭州市,[],体育休闲服务;体育休闲服务场所;体育休闲服务场所
B0FFJ3G9T0,120.023364,30.224292,浙江科技大学(小和山校区)网球场,留和路318号浙江科技学院(小和山校区),浙江省,杭州市,小和山,体育休闲服务;运动场馆;网球场
B0FFJDBR73,120.166174,30.242806,安定繁胜西湖网球中心(杭州西湖银泰百货店),延安路98号银泰百货杭州西湖店F4层,浙江省,杭州市,吴山,体育休闲服务;运动场馆;网球场
B0FFJYVHEG,120.094178,30.280506,杭州GS网球俱乐部(西城广场店),文二西路551号西城广场楼顶,浙江省,杭州市,文新,体育休闲服务;运动场馆;网球场
B0FFKTC0GS,120.107728,30.275726,享趣网球(丹桂公寓店),文三西路85号丹桂公寓,浙江省,杭州市,西湖,体育休闲服务;运动场馆;网球场
B0FFL7AUWG,120.134140,30.313991,杭州GS网球俱乐部(凯德视界店),登云路225号三楼楼顶网球场,浙江省,杭州市,小河,体育休闲服务;运动场馆;网球场
B0FFL8DW1B,119.979546,30.138181,银湖网球俱乐部,科创西路22号,浙江省,杭州市,[],体育休闲服务;体育休闲服务场所;体育休闲服务场所
B0FFLMCF0B,120.232710,30.228492,杭州奥体中心网球中心T4场地,飞虹路与丹枫路交叉口北420米,浙江省,杭州市,[],体育休闲服务;运动场馆;网球场
B0G23YB5K0,120.043798,30.243517,TOP韬博室内网球馆,白庙工业区,浙江省,杭州市,留下,体育休闲服务;运动场馆;网球场
B0G25CUIJO,120.228024,30.268732,德莱网球运动馆(钱江新城),杭海路601号江和美亲子广场5F德莱网球,浙江省,杭州市,三堡,体育休闲服务;运动场馆;网球场
B0G2US3DM7,120.020823,30.371227,凯卅网球,良渚街道君澜度假酒店网球场,浙江省,杭州市,良渚街道,体育休闲服务;运动场馆;网球场
B0G39CPR5A,119.990858,30.145595,飞叶网球俱乐部,九龙大道227号七里香溪别墅园,浙江省,杭州市,[],体育休闲服务;体育休闲服务场所;体育休闲服务场所
B0G3FRN2JK,120.136235,30.185857,匠心网球俱乐部,六和路368号(六和公园内),浙江省,杭州市,浦沿,体育休闲服务;运动场馆;网球场
B0G3L9HXNE,120.271276,30.309388,乐动力·阿里体育中心网球馆,九堡阿里体育中心五楼网球馆,浙江省,杭州市,九堡街道,体育休闲服务;运动场馆;网球场
B0GDCC7H88,120.315109,30.386295,水美公园网球场,水美公园内(北侧),浙江省,杭州市,[],体育休闲服务;运动场馆;网球场
B0GRLBJTWG,120.215947,30.185037,快网网球俱乐部(锦绣国际),聚业路26号金绣国际科技中心2楼网球场(A座2楼),浙江省,杭州市,长河,体育休闲服务;运动场馆;网球场
B0GUG517AA,119.046783,29.633212,淳安县千岛湖网球俱乐部,千岛湖镇阳光路627号芳菲隐珠体育公园,浙江省,杭州市,主城区沿湖及排岭半岛区块-千岛湖国家级旅游度假区,体育休闲服务;运动场馆;网球场
B0H067IASV,119.047304,29.633155,千岛湖网球公园,芳菲隐珠体育公园(原有露天网球场以东),浙江省,杭州市,主城区沿湖及排岭半岛区块-千岛湖国家级旅游度假区,风景名胜;公园广场;公园
B0H2H1MIMI,120.163904,30.310757,杭州城北体育公园网球中心,白石路125号,浙江省,杭州市,上塘,体育休闲服务;运动场馆;网球场
B0H2OMAE1Z,120.210207,30.182855,鼎尖网球俱乐部(万福店),万福中心c座3楼楼顶,浙江省,杭州市,长河,体育休闲服务;运动场馆;网球场
B0H2RR4NCS,119.973583,30.275229,弥诺网球俱乐部(未来科技城店),华一路3-1号幢203室,浙江省,杭州市,[],体育休闲服务;运动场馆;网球场
B0H3OD0C58,120.100083,30.293620,硬核网球INHEART(印象城店),古墩路588号印象城(古墩路店)L5层L503,浙江省,杭州市,文新,体育休闲服务;运动场馆;网球场
B0HDBAGRPY,120.156386,30.223959,杭州市网球协会训练基地,玉皇山路67号,浙江省,杭州市,西湖旅游区中心片区,体育休闲服务;运动场馆;网球场
B0HG6HDYYJ,120.266798,30.151736,萧山区文化旅游体育发展服务中心网球馆,市心南路398号(潘水地铁站A2口步行460米),浙江省,杭州市,城厢,体育休闲服务;运动场馆;网球场
B0HK09F3Q4,120.163617,30.312274,城北体育公园-3号网球场,白石路125号城北体育公园,浙江省,杭州市,东新,体育休闲服务;运动场馆;网球场
B0HK9ZX7QR,120.208438,30.188151,活跃网球(滨江IX-WORK店),滨安路650号IX-WORK大厦B座F9层,浙江省,杭州市,长河,体育休闲服务;运动场馆;网球场
B0HR3ABFCR,119.378691,29.495879,建德花海网球场,下涯之江村,浙江省,杭州市,[],体育休闲服务;运动场馆;网球场
B0HR9N3MUF,120.049210,30.247543,快网网球俱乐部(杭州西溪印象城A座店),余杭区五常大道1号印象城楼顶网球场(A座)迪卡侬电梯直接上4楼楼顶,浙江省,杭州市,西溪,体育休闲服务;运动场馆;网球场
B0HU35YN9K,120.139617,30.266496,弥诺网球俱乐部,曙光路122号世贸君澜大酒店D座4楼,浙江省,杭州市,黄龙,体育休闲服务;运动场馆;网球场
B0HU6H1U13,119.379048,29.496057,新安绿道网球场,新安绿道九景连珠段,浙江省,杭州市,[],体育休闲服务;运动场馆;网球场
B0HU7ZY592,120.321040,30.318176,钱塘文体中心,海达南路,浙江省,杭州市,下沙,商务住宅;商务住宅相关;商务住宅相关
B0HU9Z6BQT,120.063672,30.458743,智荟动力公园网球场,洛阳路88号,浙江省,杭州市,[],体育休闲服务;运动场馆;网球场
B0HUD7KQQQ,120.147266,30.333071,致胜网球学练馆(城北馆),上塘路与石祥路交叉口东北角(红房子四楼),浙江省,杭州市,上塘,体育休闲服务;运动场馆;网球场
B0HUFRWAIC,120.067665,30.165887,朗郡庭园网球场,博岚路与象山路交叉口西120米,浙江省,杭州市,[],体育休闲服务;运动场馆;网球场
B0I11P5U5F,120.304731,30.411578,杭州阿蓝网球俱乐部(余杭大厦店),人民大道588号(临平地铁站B6口步行460米),浙江省,杭州市,南苑,体育休闲服务;体育休闲服务场所;体育休闲服务场所
B0I12S8DSE,120.095814,30.286812,李宁羽毛球网球匹克球旗舰店,文一西路342号,浙江省,杭州市,文新,购物服务;体育用品店;体育用品店
B0I197UUBH,120.006807,30.148621,金都网球湖畔森林路亚俱乐部,富阳金都网球俱乐部中心会馆东侧200米,浙江省,杭州市,[],体育休闲服务;运动场馆;网球场
B0I1FXY2ZE,120.033420,30.236700,享趣网球(宏丰生活广场店),宏丰生活广场雨润发超市南门旁,浙江省,杭州市,闲林,体育休闲服务;运动场馆;网球场
B0I1JAC2ZB,120.120352,30.308532,采虹网球,蓝钻天成七乐汇5楼(和睦地铁站出入口步行80米),浙江省,杭州市,和睦,体育休闲服务;运动场馆;网球场
B0I21RS3CQ,120.121082,30.323733,艾斯网球俱乐部,崇安中心艾斯网球俱乐部,浙江省,杭州市,祥符街,体育休闲服务;运动场馆;网球场
B0I2H74K0P,120.221082,30.207837,致胜网球(滨江聚光中心店),阡陌路459号聚光中心C1座9楼,浙江省,杭州市,西兴,体育休闲服务;运动场馆;网球场
B0I2HR6AB8,120.105981,30.304804,KL网球俱乐部,海蓝天行国际中心7号楼711室,浙江省,杭州市,和睦,体育休闲服务;运动场馆;网球场
B0I31A1SOR,120.072983,30.319603,致胜网球(城西海悦中心馆),三墩街道紫萱海悦中心4号楼2楼,浙江省,杭州市,三墩,体育休闲服务;运动场馆;网球场
B0I3USMUKQ,120.074010,30.255327,西溪国际网球中心,瑞和巷33号,浙江省,杭州市,西溪,体育休闲服务;运动场馆;网球场
B0IA1UV5RN,119.984062,30.278244,星辰网球培训中心,蓝谷科创园1幢3楼,浙江省,杭州市,[],体育休闲服务;运动场馆;网球场
B0IABCLC35,119.982484,30.279670,弥诺网球俱乐部(天创店),余杭塘路2626号中迹新材料产业园4楼,浙江省,杭州市,[],体育休闲服务;运动场馆;网球场
B0IAMCNUNZ,120.170339,30.132636,健乐网球,闻堰街道三江汇创谷F区15幢,浙江省,杭州市,闻堰,体育休闲服务;运动场馆;网球场
B0IAPSNJHD,120.384204,30.285141,网球场,之江东路与14号大街交叉口西南240米,浙江省,杭州市,[],体育休闲服务;运动场馆;网球场
B0ID7ASO2G,120.005419,30.148155,金都网球湖畔森林营地,银湖街道金都富春山居泽闲居82室,浙江省,杭州市,[],生活服务;婴儿服务场所;婴儿服务场所
B0IDAU1LJL,120.231728,30.229327,杭州奥体中心网球中心T5场地,飞虹路与滨盛路辅路交叉口东北420米,浙江省,杭州市,[],体育休闲服务;运动场馆;网球场
B0IDJH1I4H,120.079378,30.255047,杭州e网打进网球俱乐部,花蒋路和西溪路交叉口向北198米杭州射击射箭中心内部,浙江省,杭州市,西溪,体育休闲服务;运动场馆;网球场
B0IDZ57I9U,120.030249,30.242626,欣冉网球,五常街道联胜路华立181社区欣冉网球场,浙江省,杭州市,[],体育休闲服务;运动场馆;网球场
B0IGLA2CMS,119.969890,30.253985,杭州韦伦体育网球中心,仓前街道温莎郡文体中心,浙江省,杭州市,[],体育休闲服务;运动场馆;网球场
B0IGYRL2WH,119.973264,30.228641,浙江涵韬网球俱乐部,圣地路4号D幢301,浙江省,杭州市,闲林,体育休闲服务;体育休闲服务场所;体育休闲服务场所
B0IR6ZN1KI,120.149681,30.362317,美澳网球俱乐部,康桥街道电厂路5号王家门网球场,浙江省,杭州市,康桥,体育休闲服务;运动场馆;网球场
B0IRMHMZYJ,120.279370,30.425339,杭州阿蓝网球俱乐部(开发区休闲体育场店),月荷路129号,浙江省,杭州市,[],科教文化服务;培训机构;培训机构
B0IRPU5B1B,120.055027,30.235117,祥健网球,屏基山路41号,浙江省,杭州市,留下,公司企业;公司;公司
B0IRVCSKP8,120.233037,30.227996,杭州奥林匹克体育中心网球中心,滨盛路8号(奥体中心地铁站D2口步行490米),浙江省,杭州市,[],体育休闲服务;运动场馆;网球场
B0IRZ54XNW,119.987039,30.282625,杭州悦动网球,仓前街道龙泉路6号7号楼,浙江省,杭州市,[],体育休闲服务;运动场馆;网球场
B0IUJULGNS,120.081547,30.326367,快网网球俱乐部(兰里雷迪森庄园店),杭州市西湖区厚仁路158号雷迪森酒店7F,浙江省,杭州市,三墩,体育休闲服务;运动场馆;网球场
B0IUU5UIG2,120.094532,30.341529,西澳网球(西田城购物中心店),莫干山路1513号西田城购物中心F4层,浙江省,杭州市,金家渡,体育休闲服务;运动场馆;网球场
B0J02XPXY4,119.971766,30.053051,临江花园网球场,杭州临江花园度假酒店西北100米(环山路东),浙江省,杭州市,[],体育休闲服务;运动场馆;网球场
B0J0XUHGBX,120.217329,30.178069,杭州乐网(网球)俱乐部,聚园路9号民生峰达生命科技园(万事利园区)B幢三楼,浙江省,杭州市,西兴,体育休闲服务;运动场馆;网球场
B0J1175OKT,120.230521,30.340787,杭州清新网球俱乐部,笕丁路383号,浙江省,杭州市,[],体育休闲服务;运动场馆;网球场
B0J1CCEVO1,120.014831,30.309459,泰尼思瑞网球运动中心,仓前街道姚家头32号,浙江省,杭州市,[],体育休闲服务;运动场馆;网球场
B0J1GH6TZM,120.239760,30.360720,丁兰网球俱乐部,长睦路与白马庄街交叉口西120米,浙江省,杭州市,[],体育休闲服务;运动场馆;网球场
B0J1ROMEBH,120.145102,30.302438,元谷网球中心,长乐路29号,浙江省,杭州市,大关,体育休闲服务;运动场馆;网球场
B0J1ZPAAHB,120.204730,30.264794,四季青小学网球馆,蔚蓝巷与蔚蓝北巷交叉口西北40米,浙江省,杭州市,凯旋,体育休闲服务;运动场馆;网球场
B0J2F5XYLA,120.270310,30.243108,世纪城星体网球中心,盈丰通文路与盈新路交叉口,浙江省,杭州市,[],体育休闲服务;运动场馆;网球场
B0J64Z7E2S,120.045378,30.234102,浙江工业大学屏峰校区网球场,留下街道留和路288号浙江工业大学屏峰校区,浙江省,杭州市,[],体育休闲服务;运动场馆;网球场
B0J64Z8G8W,120.198012,30.267550,浙江大学华家池校区网球场,凯旋路268号浙江大学华家池校区,浙江省,杭州市,凯旋,体育休闲服务;运动场馆;网球场
B0J6B4PZP1,120.192197,30.342636,飞纳体育,永佳灯具市场2楼,浙江省,杭州市,杭州新天地,体育休闲服务;运动场馆;网球场
B0J6S52PPJ,120.046688,30.290649,西溪八方城网球场,西溪八方城2-203,浙江省,杭州市,[],体育休闲服务;运动场馆;网球场
B0JA1UL71E,119.915042,30.113949,富阳·林间网球俱乐部Forest Club,银湖街道云和南路18号,浙江省,杭州市,[],体育休闲服务;运动场馆;网球场
B0JAR12HOI,120.252730,30.223361,快网网球俱乐部(印力汇德隆杭州奥体印象城店),飞虹路1408号印力汇德隆奥体印象城楼顶网球场((6楼),浙江省,杭州市,文明路,体育休闲服务;运动场馆;网球场
B0JB75JHVP,120.127376,30.332242,青学草地网球场,石祥路469号,浙江省,杭州市,祥符街,体育休闲服务;运动场馆;网球场
B0JBLCSFAD,120.021084,30.243348,大强网球培训中心(翡翠城室外场地),五常大道346号翡翠城商业中心3楼,浙江省,杭州市,[],科教文化服务;培训机构;培训机构
B0JBLUU43P,120.037230,30.244094,大强网球培训中心(室内馆),五常大道157号5幢2楼,浙江省,杭州市,[],科教文化服务;培训机构;培训机构
B0JBMCZ32I,120.114594,30.335260,杭州GS网球俱乐部(浙报店),祥茂路38号(祥园路地铁站C口步行290米),浙江省,杭州市,祥符街,体育休闲服务;运动场馆;网球场
B0JDMU1D77,120.186793,30.321541,52网球俱乐部,费家塘路588号19幢楼顶,浙江省,杭州市,东新,体育休闲服务;运动场馆;网球场
B0JGH6R0XQ,120.177071,30.186358,鼎尖网球俱乐部,建业路元巢科创园一号楼顶层,浙江省,杭州市,江南,体育休闲服务;运动场馆;网球场
B0JGJZ3CU7,120.222409,30.256108,上城体育中心网球中心,富春路与庆谐路交叉口东南160米,浙江省,杭州市,新城片区,体育休闲服务;运动场馆;网球场
B0JGR41SIJ,120.165634,30.243768,繁胜茶书院网球场(杭州西湖银泰百货店),延安路98号银泰百货杭州西湖店F5层,浙江省,杭州市,吴山,体育休闲服务;运动场馆;网球场
B0JKKRA4UG,120.347596,30.217449,活跃网球俱乐部,恒盛路与高创路交叉口北180米,浙江省,杭州市,[],体育休闲服务;运动场馆;网球场
B0JKKSDXTR,120.211949,30.179868,浩动网球学练中心,江晖路创伟科技园D幢东门4楼,浙江省,杭州市,长河,体育休闲服务;体育休闲服务场所;体育休闲服务场所
B0JKMCHGB8,119.986198,30.281825,杭州星辰网球俱乐部,城园汇2号楼,浙江省,杭州市,[],体育休闲服务;运动场馆;网球场
B0JROHWIDN,120.291696,30.313774,城东体育网球训练中心,德胜东路1119堡,浙江省,杭州市,[],体育休闲服务;运动场馆;网球场
B0JU5M6VDR,120.041360,30.414024,溪上网球俱乐部,良渚街道新港村委南侧200米,浙江省,杭州市,[],体育休闲服务;运动场馆;网球场
B0JUGDBLFO,120.075781,30.159686,热点网球俱乐部(网球场),美院北街星光荟旁,浙江省,杭州市,[],体育休闲服务;运动场馆;网球场
B0JUMM0HWH,119.696088,29.793291,艾斯网球俱乐部,大联路与白云源路交叉口北80米,浙江省,杭州市,[],体育休闲服务;运动场馆;网球场
B0JUUXTT3M,119.709358,29.771934,凤栖生命港-网球场,童巴路与大奇山路交叉口西南220米,浙江省,杭州市,[],体育休闲服务;运动场馆;网球场
B0JUVCF2ID,120.202248,30.160971,健乐网球俱乐部,白马湖会展中心B馆负一楼,浙江省,杭州市,[],体育休闲服务;运动场馆;网球场
B0JUY5MVTU,120.222849,30.318848,东程网球俱乐部,机场路258号,浙江省,杭州市,笕桥,体育休闲服务;运动场馆;网球场
B0K045V6BI,120.492798,30.326709,卢咔网球(网球羽毛球馆),迎康路49号,浙江省,杭州市,[],体育休闲服务;体育休闲服务场所;体育休闲服务场所
B0K04OU9BZ,120.150199,30.343698,致胜网球羽毛球(顺丰创新中心旗舰馆),候圣街99号顺丰创新中心T3座B裙房商场3楼,浙江省,杭州市,康桥,体育休闲服务;运动场馆;网球场
B0K0AZQMY9,120.103580,30.297073,阳光蚂蚁网球俱乐部(政苑校区),丰潭路207号政苑游泳馆二楼,浙江省,杭州市,文新,科教文化服务;科教文化场所;科教文化场所
B0K0CCETCC,120.121503,30.323778,德莱网球运动馆,"花园岗街183,185,187,189号崇安中心",浙江省,杭州市,祥符街,体育休闲服务;运动场馆;网球场
B0K0SSZQPJ,120.115364,30.335600,NEO尼奥网球学练馆,祥园路浙报印务东1区5楼,浙江省,杭州市,祥符街,体育休闲服务;体育休闲服务场所;体育休闲服务场所
B0K0X1SRFA,120.203594,30.171658,幸运球网球学练馆,江虹南路316号京安创科园1号楼1楼,浙江省,杭州市,长河,体育休闲服务;运动场馆;网球场
B0K0XN3DO7,120.149552,30.362029,亲亲网球,康桥直街与7号支路交叉口南100米,浙江省,杭州市,康桥,体育休闲服务;运动场馆;网球场
B0K1CSJYZK,120.354353,30.270920,零网球俱乐部,22号大街35号,浙江省,杭州市,[],体育休闲服务;运动场馆;网球场
B0K1FYKE8K,120.110844,30.322782,温兰网球俱乐部(城北花卉馆),石祥路789号城北花卉市场A幢A112,浙江省,杭州市,祥符街,体育休闲服务;运动场馆;网球场
B0K1JUG3DV,120.221138,30.296197,Reno Smash Club网球学练馆·匹克球,源聚德信中心负一楼B134-1(七幢四季外旁大楼梯下负一层右手边),浙江省,杭州市,彭埠,体育休闲服务;体育休闲服务场所;体育休闲服务场所
B0K1L1JCM2,120.165786,30.186216,Tennisfun燃动网球学练馆,江南大道3588号恒生大厦B座311室,浙江省,杭州市,江南,体育休闲服务;运动场馆;网球场
B0K1Y55QGI,119.987007,30.279007,秋猫网球(宝龙店),未来科技城宝龙商场2楼,浙江省,杭州市,[],体育休闲服务;运动场馆;网球场
B0K21SSN3Q,120.292451,30.250569,杭州天幕网球俱乐部,弘慧路399-8号,浙江省,杭州市,[],体育休闲服务;运动场馆;网球场
B0K239QNC2,120.475400,30.235859,靖江街道文化体育公园网球场,伟神路475号(永盛路地铁站H口步行280米),浙江省,杭州市,靖江,体育休闲服务;运动场馆;网球场
B0K26AKORL,119.124752,29.547717,千岛湖洲际度假酒店网球场,文姐超市南侧100米,浙江省,杭州市,[],体育休闲服务;运动场馆;网球场
B0K29PHWG0,120.131159,30.176432,乐不思网球俱乐部,东信大道与闻涛路交叉口东北60米,浙江省,杭州市,[],体育休闲服务;运动场馆;网球场
B0K29UWTHV,120.203337,30.195640,星跃网球,滨江体育馆,浙江省,杭州市,长河,体育休闲服务;运动场馆;网球场
B0K2JCSE9S,120.304976,30.394200,杭州阿蓝网球会员馆·学练馆·匹克球·板式网球(余之城店),余之城生活广场东区L5层,浙江省,杭州市,南苑,体育休闲服务;运动场馆;网球场
B0K2N19PDJ,120.198249,30.208689,大喜网球.球拍穿线工作室(招商·信雅达国际2幢店),信雅达国际2幢2502-1室,浙江省,杭州市,长河,生活服务;生活服务场所;生活服务场所
B0K2NC48DY,120.295054,30.389948,TIEBREAK网球学练馆,杭州市银泰inPARKC区B1,浙江省,杭州市,南苑,体育休闲服务;体育休闲服务场所;体育休闲服务场所
B0K2PKATSY,120.240338,30.206848,杭州市Ubest杭州优贝网球俱乐部,兴议路与长龙路交叉口南100米,浙江省,杭州市,[],体育休闲服务;运动场馆;网球场
B0K2R79YJ9,120.206998,30.253035,Tennis fit青学网球学练馆,森禾广场B座3楼305,浙江省,杭州市,采荷,体育休闲服务;运动场馆;网球场
B0K2RL8GRA,120.022517,30.316271,器派网球馆,仓前街道三仓路8号高桥梦港湾D7,浙江省,杭州市,[],体育休闲服务;运动场馆;网球场
B0K2TLR1G1,120.236760,30.224886,At 硬核网球练习室,奔竞大道353号奥体中心综合训练馆B1层,浙江省,杭州市,[],体育休闲服务;体育休闲服务场所;体育休闲服务场所
B0K2VH4L8K,120.173073,30.278752,耘星网球,朝辉路144号2楼209铺位,浙江省,杭州市,朝晖,体育休闲服务;运动场馆;网球场
B0K2VZ99H4,120.215134,30.172948,功量网球中心,滨文路60号1号楼108室,浙江省,杭州市,长河,体育休闲服务;运动场馆;网球场
B0K3012M06,120.157608,30.292188,Queen网球学练馆(昆仑公馆店),长板巷99号昆仑公馆6号楼,浙江省,杭州市,德胜路沿线,体育休闲服务;运动场馆;网球场
B0K35ZHEXI,120.066857,30.309131,5mile网球学练馆24h,嵘基科创A座205,浙江省,杭州市,三墩,体育休闲服务;运动场馆;网球场
B0K36CFBBF,120.075442,30.293022,Tennis Fit九成网球学练馆,西溪银泰B馆2楼205室九成网球,浙江省,杭州市,西溪,体育休闲服务;运动场馆;网球场
B0K36XAE7R,120.202317,30.177367,科致运动·网球训练馆,南环路1674号网投文化创意园2幢2-105,浙江省,杭州市,长河,体育休闲服务;体育休闲服务场所;体育休闲服务场所
B0K399FUO5,120.168052,30.228172,海马网球(利星名品广场南区),中山南路77号利星名品广场南区7F层,浙江省,杭州市,[],生活服务;生活服务场所;生活服务场所
B0K39CALA1,120.233548,30.228235,杭州奥体中心网球中心T3场地,奥体中心园区内,浙江省,杭州市,[],体育休闲服务;运动场馆;网球场
B0K39CFRCX,120.232481,30.227945,杭州奥体中心网球中心T2场地,奥体中心园区内,浙江省,杭州市,[],体育休闲服务;运动场馆;网球场
B0K39RER4K,120.148044,30.361952,美澳网球,电厂路与7号支路交叉口南120米,浙江省,杭州市,康桥,体育休闲服务;运动场馆;网球场
B0K3BCTQ9Y,120.471071,30.224160,靖安小区网球场,官界路427号,浙江省,杭州市,靖江,体育休闲服务;运动场馆;网球场
B0K3F642G4,120.096767,30.338197,杭州金柚子律动网球俱乐部,金家渡南路2号,浙江省,杭州市,祥符街,体育休闲服务;运动场馆;网球场
B0K3HL8L7F,120.002535,30.347728,良毅网球,良渚街道运溪路800号2-1-203号,浙江省,杭州市,良渚,体育休闲服务;运动场馆;网球场
B0K3JCCQVR,120.015669,30.203927,浙江特殊教育职业学院网球场,留下街道留和路527号浙江特殊教育职业学院,浙江省,杭州市,[],体育休闲服务;运动场馆;网球场
B0K3RZWBOU,120.111029,30.315988,非凡网球,莫干山路1165号花园boxF6层,浙江省,杭州市,祥符街,体育休闲服务;运动场馆;网球场
B0K3VMHU9O,120.100051,30.293761,火星人体育文化发展有限公司,古墩路588号印象城5楼天空球场,浙江省,杭州市,西溪,体育休闲服务;运动场馆;网球场
B0K3VUIHLV,120.172109,30.178065,Swing Tennis网球自习室,南环路2952号腾虎科技大厦一楼网球馆,浙江省,杭州市,浦沿,体育休闲服务;体育休闲服务场所;体育休闲服务场所
B0K3XC4K7V,120.234458,30.226448,杭州奥体中心网球中心T6馆,奥体中心园区内近1号门出入口,浙江省,杭州市,[],体育休闲服务;体育休闲服务场所;体育休闲服务场所
B0K3XUV986,120.223496,30.462533,皇国山市民公园-网球场,皇国山市民公园(西北角),浙江省,杭州市,[],体育休闲服务;运动场馆;网球场
B0K6DZ8TL8,120.168011,30.228140,海马网球俱乐部,中山南路77号尚城1157利星,浙江省,杭州市,[],体育休闲服务;运动场馆;网球场
B0KA11KJ53,120.071332,30.287808,云上网球,文一西路776号西溪云上科技园1号楼楼顶,浙江省,杭州市,西溪,体育休闲服务;运动场馆;网球场
B0KA796YMX,120.115298,30.289343,悦己网球学练馆,毛家桥路59号,浙江省,杭州市,西溪,体育休闲服务;运动场馆;网球场
B0KA7D1EBP,120.246535,30.294606,德莱网球运动馆,红建街与三官塘路交叉口东北80米,浙江省,杭州市,彭埠,体育休闲服务;运动场馆;网球场
B0KAACAJUE,120.045794,30.288694,西城网球室内训练馆,西溪八方城七号楼下沉广场东南角,浙江省,杭州市,[],体育休闲服务;运动场馆;网球场
B0KALHIH87,119.941049,30.045609,正赛嘉网球俱乐部,康月路与体育馆路交叉口北160米,浙江省,杭州市,富春,体育休闲服务;运动场馆;网球场
B0KARY7RCK,120.168007,30.228095,海马网球俱乐部氧吧(利星名品广场店),利星名品广场,浙江省,杭州市,[],体育休闲服务;运动场馆;网球场
B0KB9Z6CLV,120.031684,30.241837,平击网球俱乐部,联胜路9号3幢3F(联胜路地铁站E口步行270米),浙江省,杭州市,[],体育休闲服务;运动场馆;网球场
B0KBKSE74E,120.196215,30.230713,月亮岛体育网球馆,近江时代大厦A座(近江地铁站C1口旁),浙江省,杭州市,近江,体育休闲服务;运动场馆;网球场
B0KD7OYAWG,120.200910,30.332879,快网网球俱乐部(杭州电竞小镇店),石祥东路与华中路交叉口西160米,浙江省,杭州市,东新,体育休闲服务;运动场馆;网球场
B0KDFA2SAT,120.322003,30.316669,钱塘parking网球中心,下沙金沙湖派出所东南100米(安广巷西),浙江省,杭州市,下沙,体育休闲服务;运动场馆;网球场
B0KDHHDMTO,120.027525,30.245679,Lovegame网球俱乐部,五常街道闲林街道高顺路6-2号6幢401室,浙江省,杭州市,[],体育休闲服务;运动场馆;网球场
B0KDJ5BDKZ,120.261683,30.177921,宇翔网球(众安广场店),山阴路688号萧山众安广场F5层,浙江省,杭州市,市心中路,体育休闲服务;运动场馆;网球场
B0KDY7X5E1,120.229595,30.226542,杭州奥体中心网球中心室外羽毛球场,飞虹路与滨盛路辅路交叉口东60米,浙江省,杭州市,[],体育休闲服务;运动场馆;运动场所
B0KG5RI7WN,119.695693,30.198423,临安文体临安小球运动中心网球中心,双拥路115号(九州街地铁站出入口步行490米),浙江省,杭州市,[],体育休闲服务;体育休闲服务场所;体育休闲服务场所
B0KGLMPIJH,120.232671,30.170850,活跃网球(萧山风彩店),跨月路452号(湘湖地铁站B口步行340米),浙江省,杭州市,[],体育休闲服务;运动场馆;网球场
B0KK2N72NW,120.123394,30.350352,杭州晨北网球俱乐部,好运街与冯家浜路交叉口东北180米,浙江省,杭州市,[],体育休闲服务;运动场馆;网球场
B0KK2Z2239,120.233109,30.227816,奥体中心网球场观众看台二层H区母婴室,飞虹路与丹枫路交叉口东北360米,浙江省,杭州市,[],公共设施;公共厕所;婴儿换洗间/哺乳室/母婴室
B0KK2ZCV5O,120.233737,30.227794,奥体中心网球场观众看台三层F区母婴室,飞虹路与丹枫路交叉口东北400米,浙江省,杭州市,[],公共设施;公共厕所;婴儿换洗间/哺乳室/母婴室
B0KK596PIC,120.081985,30.335796,亲亲网球俱乐部,墩池路与池华街交叉口东南220米,浙江省,杭州市,三墩,体育休闲服务;运动场馆;网球场
B0KKG9CO1G,120.270335,30.204634,钱江世纪城网球,建设三路与宁安路交叉口西北60米,浙江省,杭州市,宁东路,体育休闲服务;运动场馆;网球场
B0KKLB4ANC,120.191997,30.304358,HGA网球俱乐部,德胜中路250号,浙江省,杭州市,东新,体育休闲服务;体育休闲服务场所;体育休闲服务场所
B0KKMLH7DK,120.218035,30.296134,Tennis-Xpress7号网球俱乐部,和兴路与环站东路交叉口西100米,浙江省,杭州市,天城路沿线,体育休闲服务;运动场馆;网球场
B0KKZZIZ3T,120.091192,30.287624,杭州飞叶网球俱乐部,紫荆文路与文一西路辅路交叉口东北80米,浙江省,杭州市,西溪,体育休闲服务;运动场馆;网球场
B0KR0DOFUE,120.080273,30.167802,卢咔网球俱乐部,洙泗路180号,浙江省,杭州市,[],体育休闲服务;运动场馆;网球场
B0KR3HZ8D7,120.025209,30.287885,2080网球学练馆,图讯科技大厦2幢203室,浙江省,杭州市,[],体育休闲服务;运动场馆;网球场
B0KR96A4DR,120.097696,30.289937,飞叶网球俱乐部,古墩路与星艺街交叉口西南60米(文新地铁站B口旁),浙江省,杭州市,文新,体育休闲服务;运动场馆;网球场
B0KRB4ROC6,120.151643,30.189946,江边绿荫5·0网球俱乐部,东信大道与闻涛路交叉口西南200米,浙江省,杭州市,浦沿,体育休闲服务;运动场馆;网球场
B0KRLU6RLN,120.245730,30.204560,Ubest杭州优贝网球俱乐部,建设三路358号,浙江省,杭州市,[],体育休闲服务;运动场馆;网球场
B0KROLT1KK,120.001865,30.282750,Chillmor秋猫网球(美塘店),景兴路与联创街交叉口北100米,浙江省,杭州市,[],体育休闲服务;运动场馆;网球场
B0KRZS6CTV,120.023792,30.287407,朗界网球,五常街道联创街丽水数字大厦东门二楼,浙江省,杭州市,[],体育休闲服务;运动场馆;网球场
B0KU5CO4DQ,120.170079,30.184752,OA网球学练馆,诚业路415号江南岸艺术园区B座2楼220室,浙江省,杭州市,江南,体育休闲服务;体育休闲服务场所;体育休闲服务场所
B0KU653S7D,120.172425,30.314469,温兰网球俱乐部(西文街店),善贤路4路(西文街地铁站C2口步行280米),浙江省,杭州市,上塘,体育休闲服务;运动场馆;网球场
B0KU6OW4LD,119.047262,29.633203,亚运网球主题公园,淳开线与阳光路交叉口西100米,浙江省,杭州市,主城区沿湖及排岭半岛区块-千岛湖国家级旅游度假区,体育休闲服务;运动场馆;运动场所|风景名胜;风景名胜相关;旅游景点
B0KUG9UPNF,120.099974,30.268311,Ace66网球俱乐部,紫创商务中心商业街负一层,浙江省,杭州市,西溪,购物服务;购物相关场所;购物相关场所
B0KURRAXVH,120.267933,30.220408,FIFTEEN LOVE网球学练馆,市心北路879号港汇中心一号楼1楼潮童星内右转,浙江省,杭州市,市心北路,体育休闲服务;体育休闲服务场所;体育休闲服务场所
B0L6FHGIMI,120.081975,30.335775,美澳网球,墩池路与池华街交叉口东南220米,浙江省,杭州市,三墩,体育休闲服务;运动场馆;网球场
B0LBA5BEKU,119.971561,30.053189,11号网球场,江滨东大道与大桥路交叉口东北420米,浙江省,杭州市,[],体育休闲服务;运动场馆;网球场
